{"app":{"iconId":16777217,"minAPIVersion":50000012,"icon":"$media:app_icon","label":"$string:app_name","bundleType":"app","versionName":"1.0.0","versionCode":1000000,"appEnvironments":[],"compileSdkType":"HarmonyOS","labelId":16777216,"compileSdkVersion":"5.0.0.71","targetAPIVersion":50000012,"vendor":"example","bundleName":"com.example.myapplication","apiReleaseType":"Release"},"module":{"virtualMachine":"ark12.0.2.0","mainElement":"EntryAbility","installationFree":false,"deliveryWithInstall":true,"requestPermissions":[{"reason":"$string:Access_location","reasonId":16777218,"usedScene":{"abilities":["EntryAbility"],"when":"always"},"name":"ohos.permission.APPROXIMATELY_LOCATION"},{"reason":"$string:Access_location","reasonId":16777218,"usedScene":{"abilities":["EntryAbility"],"when":"always"},"name":"ohos.permission.LOCATION"},{"name":"ohos.permission.INTERNET"}],"description":"$string:module_desc","extensionAbilities":[{"exported":false,"metadata":[{"resourceId":16777227,"resource":"$profile:backup_config","name":"ohos.extension.backup"}],"srcEntry":"./ets/entrybackupability/EntryBackupAbility.ets","name":"EntryBackupAbility","type":"backup"}],"compileMode":"esmodule","type":"entry","dependencies":[],"abilities":[{"exported":true,"iconId":16777225,"startWindowIconId":16777226,"icon":"$media:layered_image","startWindowIcon":"$media:startIcon","startWindowBackgroundId":16777222,"description":"$string:EntryAbility_desc","label":"$string:EntryAbility_label","skills":[{"entities":["entity.system.home"],"actions":["action.system.home"]}],"srcEntry":"./ets/entryability/EntryAbility.ets","descriptionId":16777219,"labelId":16777220,"startWindowBackground":"$color:start_window_background","name":"EntryAbility"}],"deviceTypes":["phone","tablet","2in1"],"pages":"$profile:main_pages","descriptionId":16777221,"name":"entry","packageName":"entry"}}