{"libhermes_executor_common.a":{"isSO":true,"moduleName":"","bundleName":"","dependencyAlias":"","packageName":"libhermes_executor_common.a","entryPath":"","version":""},"libreact_render_componentregistry.so":{"isSO":true,"moduleName":"","bundleName":"","dependencyAlias":"","packageName":"libreact_render_componentregistry.so","entryPath":"","version":""},"libreact_render_runtimescheduler.so":{"isSO":true,"moduleName":"","bundleName":"","dependencyAlias":"","packageName":"libreact_render_runtimescheduler.so","entryPath":"","version":""},"libreact_render_core.so":{"isSO":true,"moduleName":"","bundleName":"","dependencyAlias":"","packageName":"libreact_render_core.so","entryPath":"","version":""},"libfolly_target.a":{"isSO":true,"moduleName":"","bundleName":"","dependencyAlias":"","packageName":"libfolly_target.a","entryPath":"","version":""},"librrc_root.so":{"isSO":true,"moduleName":"","bundleName":"","dependencyAlias":"","packageName":"librrc_root.so","entryPath":"","version":""},"libreact_render_uimanager.so":{"isSO":true,"moduleName":"","bundleName":"","dependencyAlias":"","packageName":"libreact_render_uimanager.so","entryPath":"","version":""},"liblogger.so":{"isSO":true,"moduleName":"","bundleName":"","dependencyAlias":"","packageName":"liblogger.so","entryPath":"","version":""},"@ohos/hamock":{"isSO":false,"moduleName":"","bundleName":"","dependencyAlias":"","packageName":"@ohos/hamock","entryPath":"index.ets","version":"1.0.0"},"libfmt_target.a":{"isSO":true,"moduleName":"","bundleName":"","dependencyAlias":"","packageName":"libfmt_target.a","entryPath":"","version":""},"libreact_render_textlayoutmanager.so":{"isSO":true,"moduleName":"","bundleName":"","dependencyAlias":"","packageName":"libreact_render_textlayoutmanager.so","entryPath":"","version":""},"libreact_render_graphics.so":{"isSO":true,"moduleName":"","bundleName":"","dependencyAlias":"","packageName":"libreact_render_graphics.so","entryPath":"","version":""},"libreact_render_leakchecker.so":{"isSO":true,"moduleName":"","bundleName":"","dependencyAlias":"","packageName":"libreact_render_leakchecker.so","entryPath":"","version":""},"librrc_modal.a":{"isSO":true,"moduleName":"","bundleName":"","dependencyAlias":"","packageName":"librrc_modal.a","entryPath":"","version":""},"libreact_render_scheduler.so":{"isSO":true,"moduleName":"","bundleName":"","dependencyAlias":"","packageName":"libreact_render_scheduler.so","entryPath":"","version":""},"rnoh":{"isSO":false,"moduleName":"","bundleName":"","dependencyAlias":"","packageName":"rnoh","entryPath":"index.ets","version":"0.72.12"},"libjsireact.a":{"isSO":true,"moduleName":"","bundleName":"","dependencyAlias":"","packageName":"libjsireact.a","entryPath":"","version":""},"libdouble_conversion_target.a":{"isSO":true,"moduleName":"","bundleName":"","dependencyAlias":"","packageName":"libdouble_conversion_target.a","entryPath":"","version":""},"libjsinspector.so":{"isSO":true,"moduleName":"","bundleName":"","dependencyAlias":"","packageName":"libjsinspector.so","entryPath":"","version":""},"@ohos/hypium":{"isSO":false,"moduleName":"","bundleName":"","dependencyAlias":"","packageName":"@ohos/hypium","entryPath":"index.js","version":"1.0.19"},"libreact_render_templateprocessor.so":{"isSO":true,"moduleName":"","bundleName":"","dependencyAlias":"","packageName":"libreact_render_templateprocessor.so","entryPath":"","version":""},"librrc_text.so":{"isSO":true,"moduleName":"","bundleName":"","dependencyAlias":"","packageName":"librrc_text.so","entryPath":"","version":""},"libreact_render_animations.so":{"isSO":true,"moduleName":"","bundleName":"","dependencyAlias":"","packageName":"libreact_render_animations.so","entryPath":"","version":""},"libreact_render_debug.so":{"isSO":true,"moduleName":"","bundleName":"","dependencyAlias":"","packageName":"libreact_render_debug.so","entryPath":"","version":""},"librrc_scrollview.so":{"isSO":true,"moduleName":"","bundleName":"","dependencyAlias":"","packageName":"librrc_scrollview.so","entryPath":"","version":""},"libruntimeexecutor.so":{"isSO":true,"moduleName":"","bundleName":"","dependencyAlias":"","packageName":"libruntimeexecutor.so","entryPath":"","version":""},"libreact_config.so":{"isSO":true,"moduleName":"","bundleName":"","dependencyAlias":"","packageName":"libreact_config.so","entryPath":"","version":""},"libreact_nativemodule_core.so":{"isSO":true,"moduleName":"","bundleName":"","dependencyAlias":"","packageName":"libreact_nativemodule_core.so","entryPath":"","version":""},"libyogacore.a":{"isSO":true,"moduleName":"","bundleName":"","dependencyAlias":"","packageName":"libyogacore.a","entryPath":"","version":""},"entry":{"isSO":false,"moduleName":"","bundleName":"","dependencyAlias":"","packageName":"entry","entryPath":"src/main/","version":""},"libreact_codegen_rncore.a":{"isSO":true,"moduleName":"","bundleName":"","dependencyAlias":"","packageName":"libreact_codegen_rncore.a","entryPath":"","version":""},"libreactnative.a":{"isSO":true,"moduleName":"","bundleName":"","dependencyAlias":"","packageName":"libreactnative.a","entryPath":"","version":""},"libfolly_futures.a":{"isSO":true,"moduleName":"","bundleName":"","dependencyAlias":"","packageName":"libfolly_futures.a","entryPath":"","version":""},"libglog_target.a":{"isSO":true,"moduleName":"","bundleName":"","dependencyAlias":"","packageName":"libglog_target.a","entryPath":"","version":""},"librnoh_app.so":{"isSO":true,"moduleName":"","bundleName":"","dependencyAlias":"","packageName":"librnoh_app.so","entryPath":"","version":""},"libreact_render_telemetry.so":{"isSO":true,"moduleName":"","bundleName":"","dependencyAlias":"","packageName":"libreact_render_telemetry.so","entryPath":"","version":""},"libreact_render_mapbuffer.so":{"isSO":true,"moduleName":"","bundleName":"","dependencyAlias":"","packageName":"libreact_render_mapbuffer.so","entryPath":"","version":""},"librrc_image.so":{"isSO":true,"moduleName":"","bundleName":"","dependencyAlias":"","packageName":"librrc_image.so","entryPath":"","version":""},"libreact_render_mounting.so":{"isSO":true,"moduleName":"","bundleName":"","dependencyAlias":"","packageName":"libreact_render_mounting.so","entryPath":"","version":""},"liblibevent.a":{"isSO":true,"moduleName":"","bundleName":"","dependencyAlias":"","packageName":"liblibevent.a","entryPath":"","version":""},"libreact_bridging.a":{"isSO":true,"moduleName":"","bundleName":"","dependencyAlias":"","packageName":"libreact_bridging.a","entryPath":"","version":""},"libjsi.so":{"isSO":true,"moduleName":"","bundleName":"","dependencyAlias":"","packageName":"libjsi.so","entryPath":"","version":""},"librrc_textinput.so":{"isSO":true,"moduleName":"","bundleName":"","dependencyAlias":"","packageName":"librrc_textinput.so","entryPath":"","version":""},"libreact_utils.so":{"isSO":true,"moduleName":"","bundleName":"","dependencyAlias":"","packageName":"libreact_utils.so","entryPath":"","version":""},"libreactperflogger.a":{"isSO":true,"moduleName":"","bundleName":"","dependencyAlias":"","packageName":"libreactperflogger.a","entryPath":"","version":""},"libreact_render_imagemanager.so":{"isSO":true,"moduleName":"","bundleName":"","dependencyAlias":"","packageName":"libreact_render_imagemanager.so","entryPath":"","version":""},"libboost_context.a":{"isSO":true,"moduleName":"","bundleName":"","dependencyAlias":"","packageName":"libboost_context.a","entryPath":"","version":""},"libreact_debug.so":{"isSO":true,"moduleName":"","bundleName":"","dependencyAlias":"","packageName":"libreact_debug.so","entryPath":"","version":""},"libhermes_inspector.a":{"isSO":true,"moduleName":"","bundleName":"","dependencyAlias":"","packageName":"libhermes_inspector.a","entryPath":"","version":""},"libreact_render_attributedstring.so":{"isSO":true,"moduleName":"","bundleName":"","dependencyAlias":"","packageName":"libreact_render_attributedstring.so","entryPath":"","version":""},"librrc_view.so":{"isSO":true,"moduleName":"","bundleName":"","dependencyAlias":"","packageName":"librrc_view.so","entryPath":"","version":""},"librnoh.so":{"isSO":true,"moduleName":"","bundleName":"","dependencyAlias":"","packageName":"librnoh.so","entryPath":"","version":""},"librnoh_pushy.so":{"isSO":true,"moduleName":"","bundleName":"","dependencyAlias":"","packageName":"librnoh_pushy.so","entryPath":"","version":""},"pushy":{"isSO":false,"moduleName":"","bundleName":"","dependencyAlias":"","packageName":"pushy","entryPath":"index.ets","version":"3.1.0-0.0.7"}}